id,name,description,price,image_url,category,calories,protein,fat,carbs,expert_feedback,created_at,price_unit,sodium,sugar,saturated_fat,fiber,cholesterol,food_role,allergen_tags,health_tags,diet_flags
3,"Sữa chua không đường","Sữa chua ít béo, không đường, phù hợp ăn sáng hoặc ăn kèm trái cây cho người cần kiểm soát cân nặng và tốt cho hệ tiêu hóa.",5800.00,products/yogurt.jpg,Sữa,63,5,2,7,"Sữa chua không đường là lựa chọn phù hợp cho bữa phụ ít đường, giúp bổ sung protein và lợi khuẩn cho đường ruột. Nên ăn kèm trái cây tươi hoặc các loại hạt để tăng chất xơ và cảm giác no lâu.","2025-12-11 02:36:54",VND/100g,70.00,7.00,1.30,0.00,8.00,mixed_support,"["milk"]","["low_sodium", "low_fat", "heart_friendly", "liver_friendly", "weight_loss_friendly", "vegetarian_friendly"]","["vegetarian", "low_carb", "low_fat", "low_salt", "balanced_diet"]"
5,"Rau chân vịt","Rau chân vịt giàu sắt, folate và vitamin K, thường dùng trong salad, xào hoặc nấu canh, rất tốt cho máu và xương.",60000.00,products/spinach.jpg,"Rau xanh",23,3,0,4,"Rau chân vịt giàu sắt, folate và nhiều vitamin nhóm B, hỗ trợ máu khỏe và giảm mệt mỏi. Bạn có thể dùng trong salad, xào nhẹ hoặc nấu canh để giữ được nhiều dưỡng chất.","2025-12-17 03:30:59",VND/kg,79.00,0.40,0.06,2.20,0.00,vegetable_support,[],"["low_sodium", "low_sugar", "low_fat", "heart_friendly", "liver_friendly", "diabetes_friendly", "weight_loss_friendly", "vegetarian_friendly"]","["vegetarian", "vegan", "low_carb", "low_fat", "low_salt", "balanced_diet"]"
6,"Cải xoăn","Cải xoăn là loại rau lá xanh đậm, giàu chất xơ và chất chống oxy hóa, hay được dùng làm salad, sinh tố xanh hoặc xào nhẹ.",60000.00,products/kale.jpg,"Rau xanh",49,4,1,9,"Cải xoăn là một trong những loại rau lá xanh giàu vitamin A, C và chất chống oxy hóa. Dùng cải xoăn trong sinh tố xanh, salad hoặc xào nhanh với dầu oliu sẽ rất tốt cho tim mạch.","2025-12-17 03:30:59",VND/kg,53.00,1.00,0.18,4.10,0.00,vegetable_support,[],"["low_sodium", "low_sugar", "low_fat", "heart_friendly", "liver_friendly", "diabetes_friendly", "weight_loss_friendly", "vegetarian_friendly"]","["vegetarian", "vegan", "low_carb", "low_fat", "low_salt", "balanced_diet"]"
7,"Xà lách xanh","Xà lách xanh có vị mát, giòn, ít năng lượng, thường ăn kèm món cuốn, salad hoặc làm rau sống trong bữa cơm.",40000.00,products/lettuce.jpg,"Rau xanh",14,1,0,3,"Xà lách xanh có vị mát, nhiều nước, hỗ trợ bổ sung chất xơ hòa tan cho bữa ăn. Rất thích hợp làm salad cùng dầu oliu, giấm táo và một ít hạt để tăng độ no.","2025-12-17 03:30:59",VND/kg,19.00,0.80,0.02,1.30,0.00,vegetable_support,[],"["low_sodium", "low_sugar", "low_fat", "heart_friendly", "liver_friendly", "vegetarian_friendly"]","["vegetarian", "vegan", "low_carb", "low_fat", "low_salt", "balanced_diet"]"
8,"Cải thìa","Cải thìa thanh mát, dễ ăn, có thể luộc, xào tỏi hoặc nấu canh, rất hợp trong các thực đơn giảm cân.",45000.00,products/bok-choy.jpg,"Rau xanh",13,2,0,2,"Cải thìa là loại rau dễ ăn, mềm và ngọt nhẹ, phù hợp cho cả trẻ nhỏ và người lớn tuổi. Bạn nên xào nhanh hoặc nấu canh, tránh nấu quá lâu để không làm mất vitamin.","2025-12-17 03:30:59",VND/kg,65.00,1.20,0.03,1.00,0.00,vegetable_support,[],"["low_sodium", "low_sugar", "low_fat", "heart_friendly", "liver_friendly", "vegetarian_friendly"]","["vegetarian", "vegan", "low_carb", "low_fat", "low_salt", "balanced_diet"]"
9,"Súp lơ xanh","Súp lơ xanh giàu vitamin C và chất xơ, thường được hấp, luộc hoặc xào, tốt cho tim mạch và hệ miễn dịch.",50000.00,products/broccoli.jpg,"Rau xanh",34,3,0,7,"Súp lơ xanh giàu vitamin C, vitamin K và chất xơ, hỗ trợ miễn dịch và tốt cho xương. Nên hấp hoặc luộc chín tới thay vì chiên rán để giữ trọn dưỡng chất.","2025-12-17 03:30:59",VND/kg,33.00,1.70,0.04,2.60,0.00,vegetable_support,[],"["low_sodium", "low_sugar", "low_fat", "heart_friendly", "liver_friendly", "diabetes_friendly", "weight_loss_friendly", "vegetarian_friendly"]","["vegetarian", "vegan", "low_carb", "low_fat", "low_salt", "balanced_diet"]"
10,"Bắp cải tí hon","Bắp cải tí hon có vị hơi ngọt, giòn, giàu vitamin K và chất xơ, có thể nướng, xào hoặc luộc ăn kèm thịt cá.",320000.00,products/brussels-sprouts.jpg,"Rau xanh",43,3,0,9,"Bắp cải tí hon có hàm lượng chất xơ và vitamin khá cao trong khẩu phần nhỏ, giúp kiểm soát đường huyết tốt hơn. Món này rất hợp để nướng hoặc áp chảo nhẹ với một ít dầu lành mạnh.","2025-12-17 03:30:59",VND/kg,25.00,2.20,0.03,3.80,0.00,vegetable_support,[],"["low_sodium", "low_sugar", "low_fat", "heart_friendly", "liver_friendly", "diabetes_friendly", "weight_loss_friendly", "vegetarian_friendly"]","["vegetarian", "vegan", "low_carb", "low_fat", "low_salt", "balanced_diet"]"
11,"Đậu que","Đậu que cung cấp chất xơ và vitamin A, thường dùng để xào, luộc hoặc nấu canh, phù hợp cho bữa ăn gia đình.",42000.00,products/green-beans.jpg,"Rau xanh",31,2,0,7,"Đậu que cung cấp nhiều chất xơ và vitamin A, hỗ trợ mắt và hệ tiêu hóa. Bạn có thể luộc, hấp hoặc xào nhanh với tỏi để giữ màu xanh và độ giòn.","2025-12-17 03:30:59",VND/kg,6.00,3.30,0.05,3.40,0.00,vegetable_support,[],"["low_sodium", "low_sugar", "low_fat", "heart_friendly", "liver_friendly", "diabetes_friendly", "weight_loss_friendly", "vegetarian_friendly"]","["vegetarian", "vegan", "low_carb", "low_fat", "low_salt", "balanced_diet"]"
12,"Dưa leo","Dưa leo nhiều nước, ít calo, giúp giải nhiệt, thường dùng để ăn sống, làm gỏi hoặc ép nước uống.",35000.00,products/cucumbers.jpg,"Rau xanh",15,1,0,4,"Dưa leo nhiều nước, ít năng lượng nên phù hợp cho người cần kiểm soát cân nặng. Ăn kèm trong bữa chính hoặc làm món snack với sữa chua không đường sẽ giúp giải khát và no lâu hơn.","2025-12-17 03:30:59",VND/kg,2.00,1.70,0.04,0.50,0.00,vegetable_support,[],"["low_sodium", "low_sugar", "low_fat", "heart_friendly", "liver_friendly", "vegetarian_friendly"]","["vegetarian", "vegan", "low_carb", "low_fat", "low_salt", "balanced_diet"]"
13,"Cải thảo","Cải thảo lá mềm, vị ngọt nhẹ, thường dùng nấu lẩu, xào hoặc muối kim chi, rất dễ ăn.",25000.00,products/napa-cabbage.jpg,"Rau xanh",16,1,0,3,"Cải thảo có vị ngọt thanh, nhiều chất xơ hòa tan nên tốt cho hệ tiêu hóa. Rất phù hợp dùng làm lẩu, nấu canh hoặc muối chua ăn kèm trong bữa cơm.","2025-12-17 03:30:59",VND/kg,11.00,1.20,0.03,1.20,0.00,vegetable_support,[],"["low_sodium", "low_sugar", "low_fat", "heart_friendly", "liver_friendly", "vegetarian_friendly"]","["vegetarian", "vegan", "low_carb", "low_fat", "low_salt", "balanced_diet"]"
14,"Rau muống","Rau muống là món rau quen thuộc của người Việt, có thể luộc, xào tỏi hoặc nấu canh chua, giàu vitamin A và chất xơ.",32000.00,products/water-spinach.jpg,"Rau xanh",19,3,0,3,"Rau muống là món rau quen thuộc, cung cấp chất xơ và một phần sắt cho cơ thể. Nên xào nhanh hoặc luộc rồi chấm nước mắm tỏi ớt, tránh xào với quá nhiều dầu mỡ.","2025-12-17 03:30:59",VND/kg,113.00,0.40,0.03,2.10,0.00,vegetable_support,[],"["low_sodium", "low_sugar", "low_fat", "heart_friendly", "liver_friendly", "diabetes_friendly", "weight_loss_friendly", "vegetarian_friendly"]","["vegetarian", "vegan", "low_carb", "low_fat", "low_salt", "balanced_diet"]"
16,"Củ dền","Củ dền có màu đỏ tím đẹp mắt, vị ngọt nhẹ, hay dùng ép nước, hầm hoặc trộn salad, hỗ trợ tuần hoàn máu.",45000.00,products/beetroot.jpg,"Rau xanh",43,2,0,10,"Củ dền chứa sắc tố tự nhiên và chất chống oxy hóa, hỗ trợ tuần hoàn máu. Bạn có thể dùng củ dền trong nước ép, sinh tố hoặc hầm cùng thịt để tăng màu sắc và giá trị dinh dưỡng cho món ăn.","2025-12-17 03:30:59",VND/kg,78.00,6.80,0.03,2.80,0.00,vegetable_support,[],"["low_sodium", "low_fat", "heart_friendly", "liver_friendly", "weight_loss_friendly", "vegetarian_friendly"]","["vegetarian", "vegan", "low_carb", "low_fat", "low_salt", "balanced_diet"]"
17,"Cà rốt","Cà rốt giàu beta carotene tốt cho mắt, có thể dùng để hầm, xào, làm nộm hoặc ép nước uống.",45000.00,products/carrot.jpg,"Củ quả",41,1,0,10,"Cà rốt giàu beta carotene, khi vào cơ thể sẽ chuyển thành vitamin A tốt cho mắt và da. Nên ăn cà rốt kèm một ít chất béo lành mạnh để hấp thu vitamin tốt hơn.","2025-12-17 03:30:59",VND/kg,69.00,4.70,0.04,2.80,0.00,vegetable_support,[],"["low_sodium", "low_sugar", "low_fat", "heart_friendly", "liver_friendly", "diabetes_friendly", "weight_loss_friendly", "vegetarian_friendly"]","["vegetarian", "vegan", "low_carb", "low_fat", "low_salt", "balanced_diet"]"
18,"Súp lơ trắng","Súp lơ trắng có vị ngọt nhẹ, giòn, dễ chế biến thành món xào, hấp hoặc nướng, phù hợp cho thực đơn ít tinh bột.",50000.00,products/cauliflower.jpg,"Củ quả",25,2,0,5,"Súp lơ trắng có vị ngọt nhẹ, là nguồn chất xơ và vitamin C tốt cho hệ miễn dịch. Bạn có thể dùng súp lơ trắng để nấu canh, xào hoặc làm cơm súp lơ cho người muốn giảm tinh bột.","2025-12-17 03:30:59",VND/kg,30.00,1.90,0.13,2.00,0.00,vegetable_support,[],"["low_sodium", "low_sugar", "low_fat", "heart_friendly", "liver_friendly", "diabetes_friendly", "weight_loss_friendly", "vegetarian_friendly"]","["vegetarian", "vegan", "low_carb", "low_fat", "low_salt", "balanced_diet"]"
19,"Bí đỏ","Bí đỏ mềm, vị ngọt tự nhiên, thường dùng nấu canh, hầm hoặc làm cháo, cung cấp beta carotene tốt cho mắt và da.",20000.00,products/pumpkin.jpg,"Củ quả",26,1,0,7,"Bí đỏ cung cấp beta carotene và chất xơ, đồng thời cho cảm giác no nhưng không quá nhiều năng lượng. Nấu súp bí đỏ với sữa tươi không đường hoặc hấp ăn kèm bữa chính đều phù hợp.","2025-12-17 03:30:59",VND/kg,1.00,2.80,0.05,0.50,0.00,vegetable_support,[],"["low_sodium", "low_sugar", "low_fat", "heart_friendly", "liver_friendly", "vegetarian_friendly"]","["vegetarian", "vegan", "low_carb", "low_fat", "low_salt", "balanced_diet"]"
20,"Khoai lang","Khoai lang là nguồn tinh bột tốt, nhiều chất xơ, giúp no lâu, thường được luộc, nướng hoặc hấp trong các chế độ ăn lành mạnh.",35000.00,products/sweet-potato.jpg,"Củ quả",86,2,0,20,"Khoai lang là nguồn tinh bột tốt, giàu chất xơ và vitamin nhóm B, thích hợp thay thế một phần cơm trắng. Người giảm cân nên ăn khoai lang vào bữa sáng hoặc trước tập luyện để có năng lượng bền vững.","2025-12-17 03:30:59",VND/kg,55.00,4.20,0.02,3.00,0.00,carb_base,[],"["low_sodium", "low_sugar", "low_fat", "heart_friendly", "liver_friendly", "diabetes_friendly", "weight_loss_friendly", "vegetarian_friendly"]","["vegetarian", "vegan", "low_fat", "low_salt", "balanced_diet"]"
21,"Hành tây","Hành tây có vị hăng nhẹ, khi nấu lên sẽ ngọt, thường dùng để xào, hầm hoặc làm nước sốt, giúp tăng hương vị món ăn.",45000.00,products/onion.jpg,"Củ quả",40,1,0,9,"Hành tây chứa nhiều hợp chất thực vật có lợi, hỗ trợ kháng viêm và tốt cho tim mạch. Dùng hành tây trong các món xào, nướng hoặc salad sẽ giúp tăng mùi thơm và vị ngọt tự nhiên.","2025-12-17 03:30:59",VND/kg,4.00,4.20,0.04,1.70,0.00,vegetable_support,[],"["low_sodium", "low_sugar", "low_fat", "heart_friendly", "liver_friendly", "vegetarian_friendly"]","["vegetarian", "vegan", "low_carb", "low_fat", "low_salt", "balanced_diet"]"
22,"Ớt chuông 3 màu","Ớt chuông đỏ, vàng, xanh giòn ngọt, giàu vitamin C, hay dùng làm salad, xào hoặc nướng ăn kèm thịt cá.",60000.00,products/bell-peppers.jpg,"Củ quả",31,1,0,6,"Ớt chuông ba màu giàu vitamin C và chất chống oxy hóa, giúp làn da khỏe hơn và hỗ trợ miễn dịch. Bạn nên dùng ớt chuông trong salad, xào hoặc nướng để giữ màu sắc và độ giòn.","2025-12-17 03:30:59",VND/kg,3.00,4.20,0.03,1.70,0.00,vegetable_support,[],"["low_sodium", "low_sugar", "low_fat", "heart_friendly", "liver_friendly", "vegetarian_friendly"]","["vegetarian", "vegan", "low_carb", "low_fat", "low_salt", "balanced_diet"]"
23,Tỏi,"Tỏi là gia vị quen thuộc, có tính kháng khuẩn tự nhiên, thường phi thơm khi xào nấu hoặc dùng ngâm giấm.",130000.00,products/garlic.jpg,"Củ quả",149,6,1,33,"Tỏi có nhiều hợp chất lưu huỳnh tự nhiên, thường được nhắc đến với vai trò hỗ trợ miễn dịch và tim mạch. Nên dùng tỏi băm hoặc đập dập, để nghỉ một lúc rồi mới nấu để hoạt chất phát huy tốt hơn.","2025-12-17 03:30:59",VND/kg,17.00,1.00,0.09,2.10,0.00,mixed_support,[],"["low_sodium", "low_sugar", "low_fat", "heart_friendly", "liver_friendly", "diabetes_friendly", "vegetarian_friendly"]","["vegetarian", "vegan", "low_fat", "low_salt", "balanced_diet"]"
24,"Bắp ngô","Bắp ngô vàng ngọt, là nguồn tinh bột và chất xơ tốt, có thể luộc, nướng hoặc tách hạt trộn salad.",18000.00,products/corn.jpg,"Củ quả",86,3,1,19,"Bắp ngô cung cấp tinh bột, chất xơ và một lượng nhỏ vitamin nhóm B, là lựa chọn tốt cho bữa phụ hoặc bữa sáng. Nếu đang kiểm soát cân nặng, bạn nên ăn bắp luộc không thêm bơ và muối.","2025-12-17 03:30:59",VND/kg,15.00,6.30,0.33,2.70,0.00,carb_base,[],"["low_sodium", "low_fat", "heart_friendly", "liver_friendly", "weight_loss_friendly", "vegetarian_friendly"]","["vegetarian", "vegan", "low_fat", "low_salt", "balanced_diet"]"
27,"Yến mạch cán dẹt","Yến mạch nguyên hạt được cán dẹt, dễ nấu cháo hoặc ăn kèm sữa chua, trái cây. Giàu chất xơ hòa tan beta-glucan, giúp ổn định đường huyết và hỗ trợ giảm cholesterol xấu.",129000.00,products/rolloed-oats.jpg,"Ngũ cốc",390,17,7,66,"Bữa sáng với yến mạch là lựa chọn tiện lợi cho người bận rộn nhưng vẫn muốn ăn lành mạnh. Kết hợp yến mạch với sữa chua không đường và trái cây tươi sẽ cho bữa ăn giàu đạm, chất xơ và no lâu.","2025-12-21 14:39:40",VND/kg,6.00,1.00,1.11,10.10,0.00,carb_base,[],"["low_sodium", "low_sugar", "high_protein", "high_fiber", "heart_friendly", "liver_friendly", "diabetes_friendly", "weight_gain_friendly", "vegetarian_friendly"]","["vegetarian", "vegan", "low_salt", "high_protein", "balanced_diet"]"
28,"Hạt lanh","Hạt lanh giàu omega-3 và chất xơ, thường dùng trong sinh tố hoặc salad.",120000.00,products/flax-seeds.jpg,"Ngũ cốc",534,18,42,29,"Hạt lanh giàu omega-3 và chất xơ, giúp hỗ trợ tiêu hóa và tốt cho tim mạch. Nên xay nhỏ trước khi dùng để hấp thu dinh dưỡng tốt hơn.","2026-03-14 23:16:01",VND/kg,30.00,1.50,3.66,27.30,0.00,fat_support,[],"["low_sodium", "low_sugar", "high_protein", "high_fiber", "diabetes_friendly", "weight_gain_friendly", "vegetarian_friendly"]","["vegetarian", "vegan", "low_salt", "high_protein", "balanced_diet"]"
29,"Hạt quinoa","Quinoa là loại hạt giàu protein thực vật và khoáng chất.",205000.00,products/quinoa.jpg,"Ngũ cốc",368,14,6,64,"Quinoa chứa nhiều protein hoàn chỉnh và axit amin thiết yếu. Đây là lựa chọn tốt cho chế độ ăn lành mạnh hoặc ăn chay.","2026-03-14 23:16:01",VND/kg,5.00,4.10,0.71,7.00,0.00,carb_base,[],"["low_sodium", "low_sugar", "high_protein", "high_fiber", "heart_friendly", "liver_friendly", "diabetes_friendly", "weight_gain_friendly", "vegetarian_friendly"]","["vegetarian", "vegan", "low_salt", "high_protein", "balanced_diet"]"
30,"Đậu lăng","Đậu lăng khô giàu protein và chất xơ, thường dùng nấu súp.",79000.00,products/lentils.jpg,"Ngũ cốc",352,26,1,60,"Đậu lăng cung cấp lượng protein thực vật cao và nhiều chất xơ. Rất phù hợp cho người muốn tăng cường dinh dưỡng nhưng vẫn kiểm soát năng lượng.","2026-03-14 23:16:01",VND/kg,6.00,2.00,0.11,10.70,0.00,protein_anchor,[],"["low_sodium", "low_sugar", "low_fat", "high_protein", "high_fiber", "heart_friendly", "liver_friendly", "diabetes_friendly", "weight_gain_friendly", "vegetarian_friendly"]","["vegetarian", "vegan", "low_fat", "low_salt", "high_protein", "balanced_diet"]"
31,"Hạt điều","Hạt điều tự nhiên giàu chất béo tốt và khoáng chất.",280000.00,products/cashew.jpg,"Ngũ cốc",553,18,44,30,"Hạt điều cung cấp chất béo không bão hòa và magie có lợi cho sức khỏe tim mạch. Nên ăn với khẩu phần vừa phải.","2026-03-14 23:16:01",VND/kg,12.00,5.90,7.78,3.30,0.00,fat_support,"["tree_nut"]","["low_sodium", "high_protein", "weight_gain_friendly", "vegetarian_friendly"]","["vegetarian", "vegan", "low_salt", "high_protein", "balanced_diet"]"
32,"Đậu gà","Đậu gà khô dùng làm salad hoặc món hầm.",140000.00,products/chickpeas.jpg,"Ngũ cốc",364,19,6,61,"Đậu gà giàu protein và chất xơ giúp tạo cảm giác no lâu. Đây là nguyên liệu phổ biến trong chế độ ăn lành mạnh.","2026-03-14 23:16:01",VND/kg,24.00,10.70,0.60,17.40,0.00,protein_anchor,[],"["low_sodium", "high_protein", "high_fiber", "weight_gain_friendly", "vegetarian_friendly"]","["vegetarian", "vegan", "low_salt", "high_protein", "balanced_diet"]"
33,"Hạt bí xanh","Hạt bí xanh chứa nhiều kẽm và protein.",145000.00,products/pumpkin-seeds.jpg,"Ngũ cốc",559,30,49,11,"Hạt bí xanh giàu kẽm và protein giúp hỗ trợ miễn dịch. Có thể thêm vào salad hoặc ăn như snack dinh dưỡng.","2026-03-14 23:16:01",VND/kg,18.00,1.40,8.70,6.00,0.00,fat_support,[],"["low_sodium", "low_sugar", "high_protein", "high_fiber", "diabetes_friendly", "weight_gain_friendly", "vegetarian_friendly"]","["vegetarian", "vegan", "low_salt", "high_protein", "balanced_diet"]"
35,"Nấm đùi gà","Nấm đùi gà tươi ít calo, giàu chất xơ.",54600.00,products/king-oyster-mushroom.jpg,"Rau xanh",35,2,0,6,"Nấm đùi gà có lượng calo thấp và giàu chất xơ. Đây là lựa chọn tốt cho người muốn ăn uống lành mạnh.","2026-03-14 23:16:01",VND/kg,18.00,0.00,0.00,2.30,0.00,vegetable_support,[],"["low_sodium", "low_sugar", "low_fat", "heart_friendly", "liver_friendly", "diabetes_friendly", "weight_loss_friendly", "vegetarian_friendly"]","["vegetarian", "vegan", "low_carb", "low_fat", "low_salt", "balanced_diet"]"
36,"Khoai lang tím","Khoai lang tím chứa tinh bột hấp thu chậm.",40000.00,products/purple-sweet-potato.jpg,"Củ quả",86,2,0,20,"Khoai lang tím cung cấp nhiều chất chống oxy hóa và năng lượng ổn định cho cơ thể.","2026-03-14 23:16:01",VND/kg,55.00,4.20,0.02,3.00,0.00,carb_base,[],"["low_sodium", "low_sugar", "low_fat", "heart_friendly", "liver_friendly", "diabetes_friendly", "weight_loss_friendly", "vegetarian_friendly"]","["vegetarian", "vegan", "low_fat", "low_salt", "balanced_diet"]"
37,Bơ,"Trái bơ giàu chất béo không bão hòa.",50000.00,products/avocado.jpg,"Củ quả",160,2,15,9,"Bơ chứa chất béo tốt giúp hỗ trợ tim mạch và tạo cảm giác no lâu.","2026-03-14 23:16:01",VND/kg,7.00,0.70,2.13,6.70,0.00,fat_support,[],"["low_sodium", "low_sugar", "high_fiber", "diabetes_friendly", "vegetarian_friendly"]","["vegetarian", "vegan", "low_carb", "low_salt", "balanced_diet"]"
38,"Thịt ba chỉ heo","Thịt ba chỉ heo tươi có nhiều mỡ.",125000.00,products/pork-belly.jpg,Khác,518,9,53,0,"Thịt ba chỉ chứa nhiều chất béo bão hòa nên cần ăn với lượng vừa phải.","2026-03-14 23:16:01",VND/kg,32.00,0.00,19.47,0.00,72.00,protein_anchor,[],"["low_sodium", "low_sugar", "kidney_caution", "weight_gain_friendly"]","["low_carb", "low_salt"]"
40,"Bơ thực vật","Bơ thực vật dùng trong nấu ăn và làm bánh.",95000.00,products/margarine.jpg,Khác,717,0,81,1,"Bơ thực vật chứa nhiều chất béo nên chỉ nên sử dụng với lượng nhỏ.","2026-03-14 23:16:01",VND/kg,682.00,0.70,15.20,0.00,0.00,extreme_condiment,[],"["low_sugar", "kidney_caution", "weight_gain_friendly", "vegetarian_friendly"]","["vegetarian", "vegan", "low_carb"]"
41,"Đường trắng","Đường tinh luyện dùng trong chế biến.",28600.00,products/sugar.jpg,Khác,387,0,0,100,"Đường trắng cung cấp năng lượng nhanh nhưng gần như không có giá trị dinh dưỡng.","2026-03-14 23:16:01",VND/kg,1.00,100.00,0.00,0.00,0.00,extreme_condiment,[],"["low_sodium", "low_fat", "weight_gain_friendly", "vegetarian_friendly"]","["vegetarian", "vegan", "low_fat", "low_salt"]"
42,"Sữa đặc có đường","Sữa đặc thường dùng pha cà phê hoặc làm bánh.",6711.00,products/condensed-milk.jpg,Sữa,321,8,9,54,"Sữa đặc chứa nhiều đường và calo nên cần dùng với lượng vừa phải.","2026-03-14 23:16:01",VND/100g,127.00,54.00,5.50,0.00,34.00,extreme_condiment,"["milk"]","["low_sodium", "weight_gain_friendly", "vegetarian_friendly"]","["vegetarian", "low_salt"]"
43,"Bột mì tinh chế","Bột mì trắng dùng làm bánh và mì.",24000.00,products/wheat-flour.jpg,"Ngũ cốc",364,10,1,76,"Bột mì tinh chế ít chất xơ hơn ngũ cốc nguyên hạt.","2026-03-14 23:16:01",VND/kg,2.00,0.30,0.16,2.70,0.00,carb_base,"["gluten"]","["low_sodium", "low_sugar", "low_fat", "high_protein", "weight_gain_friendly", "vegetarian_friendly"]","["vegetarian", "vegan", "low_fat", "low_salt", "high_protein"]"
44,Mayonnaise,"Sốt mayonnaise dùng trộn salad.",95900.00,products/mayonnaise.jpg,Khác,680,1,75,1,"Mayonnaise chứa nhiều chất béo nên nên sử dụng hạn chế.","2026-03-14 23:16:01",VND/kg,635.00,0.60,10.70,0.00,42.00,extreme_condiment,"["egg"]","["low_sugar", "kidney_caution", "weight_gain_friendly", "vegetarian_friendly"]","["vegetarian", "low_carb"]"
45,"Kem tươi","Kem tươi dùng làm bánh hoặc nấu ăn.",32120.00,products/cream.jpg,Sữa,340,2,36,3,"Kem tươi chứa lượng chất béo khá cao.","2026-03-14 23:16:01",VND/100g,39.00,2.90,23.00,0.00,94.00,fat_support,"["milk"]","["low_sodium", "low_sugar", "kidney_caution", "weight_gain_friendly", "vegetarian_friendly"]","["vegetarian", "low_carb", "low_salt", "balanced_diet"]"
46,"Mỡ heo","Mỡ heo dùng chiên xào trong nấu ăn.",45000.00,products/lard.jpg,Khác,902,0,100,0,"Mỡ heo cung cấp nhiều năng lượng và chất béo bão hòa.","2026-03-14 23:16:01",VND/kg,0.00,0.00,39.20,0.00,95.00,extreme_condiment,[],"["low_sodium", "low_sugar", "kidney_caution", "weight_gain_friendly"]","["low_carb", "low_salt"]"
47,"Bột năng","Tinh bột năng dùng tạo độ sánh cho món ăn.",41750.00,products/tapioca-starch.jpg,Khác,358,0,0,89,"Bột năng chủ yếu là tinh bột, ít chất dinh dưỡng khác.","2026-03-14 23:16:01",VND/kg,1.00,3.40,0.03,0.90,0.00,carb_base,[],"["low_sodium", "low_sugar", "low_fat", "weight_gain_friendly", "vegetarian_friendly"]","["vegetarian", "vegan", "low_fat", "low_salt"]"
51,"Ức gà phi lê","Phần ức gà phi lê ít mỡ, giàu protein, phù hợp cho chế độ ăn tăng cơ, giảm mỡ và các bữa ăn meal prep.",95800.00,products/chicken-breast-fillet.jpg,Khác,120,23,3,0,"Ức gà phi lê là nguồn protein nạc rất phù hợp cho người tập luyện hoặc cần kiểm soát năng lượng. Nên ưu tiên áp chảo, luộc hoặc nướng để giữ lượng chất béo thấp.","2026-03-22 00:09:52",VND/kg,66.00,0.00,0.35,0.00,73.00,protein_anchor,[],"["low_sodium", "low_sugar", "low_fat", "high_protein", "kidney_caution", "diabetes_friendly", "weight_loss_friendly"]","["low_carb", "low_fat", "low_salt", "high_protein", "balanced_diet"]"
52,"Cá hồi phi lê","Cá hồi phi lê giàu protein và chất béo tốt omega 3, thích hợp cho bữa ăn lành mạnh hỗ trợ tim mạch và phục hồi cơ bắp.",420000.00,products/salmon-fillet.jpg,Khác,208,21,13,0,"Cá hồi phi lê cung cấp protein chất lượng cao cùng chất béo không bão hòa có lợi. Đây là lựa chọn tốt cho người cần tăng đạm nhưng vẫn muốn bổ sung omega 3.","2026-03-22 00:09:52",VND/kg,50.00,0.00,3.10,0.00,62.00,protein_anchor,"["fish"]","["low_sodium", "low_sugar", "high_protein", "heart_friendly", "kidney_caution", "diabetes_friendly"]","["low_carb", "low_salt", "high_protein", "balanced_diet"]"
53,"Đậu nành hạt khô","Đậu nành hạt khô là thực phẩm giàu protein thực vật, có thể dùng nấu sữa đậu nành, hầm, nấu chè hoặc làm các món ăn chay.",64000.00,products/dried-soybeans.jpg,"Ngũ cốc",446,36,20,30,"Đậu nành là nguồn đạm thực vật nổi bật, phù hợp cho chế độ ăn cân bằng hoặc ăn chay. Nên ngâm kỹ trước khi nấu để cải thiện khả năng tiêu hóa và hấp thu.","2026-03-22 00:09:52",VND/kg,2.00,7.30,2.90,9.30,0.00,protein_anchor,"["soy"]","["low_sodium", "high_protein", "high_fiber", "weight_gain_friendly", "vegetarian_friendly"]","["vegetarian", "vegan", "low_salt", "high_protein", "balanced_diet"]"
